Workbook

Sheet Instructions
A1: ITC327W Project Progress and Contribution Workbook
A3: Use this workbook throughout the semester. Update it after each project phase and submit the same workbook again so that progress can be tracked over time.
A5: Sheet | B5: Purpose | D5: Evidence and Accountability Rules
A6: Project Overview | B6: Enter the group and project details. The dashboard summarises task progress automatically. | D6: 1 | E6: Every student must be assigned meaningful work in Microsoft Project.
A7: Task Progress | B7: Record planned and completed tasks, responsible students, dates, status, percentage completed and evidence. | D7: 2 | E7: Completed work must be supported by evidence such as GitHub activity, meeting records, document sections, screenshots or stakeholder communication.
A8: Individual Contributions | B8: Record the work personally completed by each student. Every entry must have evidence. | D8: 3 | E8: GitHub commits are not the only evidence. Planning, interviewing, documentation, coordination and quality review also count.
A9: Stakeholder Engagement | B9: Record meetings, calls and emails with the stakeholder and the main outcomes. | D9: 4 | E9: Do not record work as completed by a student when it was completed by someone else.
A10: Challenges & Actions | B10: Record project challenges, their effect and the corrective action taken. | D10: 5 | E10: Do not place passwords, API keys, identity numbers, private contact details or confidential records in this workbook or on GitHub.
A11: Phase Summary | B11: Provide a short summary of the phase, including achievements, outstanding work and participation concerns. | D11: 6 | E11: The confidential individual peer evaluation must be completed separately on Blackboard.
A12: Group Reflection | B12: Complete one shared reflection after each phase. Be honest and specific.
D13: Recommended Update Points
D14: Unit 1 / Phase 1 | E14: Planning, stakeholder engagement, requirements and initial SRS
D15: Phase 2 | E15: Architecture, UML, ERD and interface design
D16: Phase 3 | E16: Development, integration, testing and demonstration
D17: Final | E17: Overall project summary and final reflection

Sheet s
A1: Project Overview and Progress Dashboard
A3: Project Information | B3: Group Response | F3: Task Status | G3: Count
A4: Group name or number | B4: Web Vortex | F4: Completed | G4: =COUNTIF('Task Progress'!H2:H60,"Completed") -> 34
A5: Project title | B5: Vehicle Service Management System (VSMS) for Mister Auto & Turbo | F5: In Progress | G5: =COUNTIF('Task Progress'!H2:H60,"In Progress") -> 0
A6: Stakeholder or organisation | B6: Mister Auto & Turbo — Motlokoa Tsotesi (Managing Director / Owner) | F6: Not Started | G6: =COUNTIF('Task Progress'!H2:H60,"Not Started") -> 0
A7: Group mentor | B7: [Group mentor — insert] | F7: Delayed | G7: =COUNTIF('Task Progress'!H2:H60,"Delayed") -> 0
A8: Reporting phase | B8: Phase 3 | F8: Blocked | G8: =COUNTIF('Task Progress'!H2:H60,"Blocked") -> 0
A9: Reporting period | B9: 12/10/2026 - 06/11/2026 | F9: Overdue | G9: =COUNTIF('Task Progress'!M2:M60,"Overdue") -> 0
A10: Overall status | B10: Completed
A11: Overall % complete | B11: =IFERROR(AVERAGE('Task Progress'!I3:I60)/100,0) -> 1 | F11: Contribution Summary | G11: Count
A12: Main achievement | B12: Supabase backend, ASP.NET web application and Flutter mobile application built on the one shared Supabase project, with authentication and role-based access, integration testing and manual testing completed (P3-01 to P3-13). The working prototype was demonstrated to the stakeholder on 21/10/2026. | F12: Contribution entries | G12: =COUNTIF('Individual Contributions'!E3:E40,"?*") -> 17
A13: Main challenge | B13: Short build windows and keeping the Flutter and ASP.NET applications on the same Supabase tables and keys. A security flaw in public registration and unfinished Appointments, Job Card and profile-edit features were found and fixed (all Resolved in Challenges & Actions). | F13: Verified entries | G13: =COUNTIFS('Individual Contributions'!E3:E40,"?*",'Individual Contributions'!J3:J40,"Yes") -> 15
A14: Next planned activity | B14: Update the SRS with the changes the stakeholder approved, confirm hours and evidence for every member, and prepare the final demonstration and final reflection. | F14: Unverified entries | G14: =COUNTIFS('Individual Contributions'!E3:E40,"?*",'Individual Contributions'!J3:J40,"No") -> 0
F15: Stakeholder engagements | G15: =COUNT('Stakeholder Engagement'!A3:A101) -> 0

Sheet Task Progress
A1: Task Progress Tracker
A2: Task ID | B2: Reporting Phase | C2: Activity | D2: Task Description | E2: Assigned Student(s) | F2: Start Date | G2: Due Date | H2: Status | I2: % Complete | J2: Evidence / Link | K2: Verified by Group | L2: Lecturer Comment | M2: Progress Flag
A3: U1-01 | B3: Unit 1 / Phase 1 | C3: Activity 1.1 | D3: Identify and confirm the external stakeholder | E3: LE Letsie | F3: 25/08/2026 | G3: 26/08/2026 | H3: Completed | I3: 100 | J3: Signed Stakeholder Cooperation & Information Use Agreement (Appendix B) with Mister Auto & Turbo, dated 25/08/2026. | K3: Yes | M3: =IF(D3="","",IF(H3="Completed","Completed",IF(H3="Blocked","Blocked",IF(H3="Delayed","Delayed",IF(AND(G3<>"",G3<TODAY(),H3<>"Completed"),"Overdue","On Track"))))) -> Completed
A4: U1-02 | B4: Unit 1 / Phase 1 | C4: Activity 1.1 | D4: Document the current process and problem | E4: RG Madi | F4: 25/08/2026 | G4: 26/08/2026 | H4: Completed | I4: 100 | J4: SRS Section 3 (Problem Statement), Section 9 (Current Process and Diagram) and Appendix D (Current Process Evidence). | K4: Yes | M4: =IF(D4="","",IF(H4="Completed","Completed",IF(H4="Blocked","Blocked",IF(H4="Delayed","Delayed",IF(AND(G4<>"",G4<TODAY(),H4<>"Completed"),"Overdue","On Track"))))) -> Completed
A5: U1-03 | B5: Unit 1 / Phase 1 | C5: Activity 1.1 | D5: Define the project aim, objectives and scope | E5: NM Netshituka | F5: 25/08/2026 | G5: 26/08/2026 | H5: Completed | I5: 100 | J5: SRS Section 4 (Aim and Objectives) and Section 5 (Project Scope). | K5: Yes | M5: =IF(D5="","",IF(H5="Completed","Completed",IF(H5="Blocked","Blocked",IF(H5="Delayed","Delayed",IF(AND(G5<>"",G5<TODAY(),H5<>"Completed"),"Overdue","On Track"))))) -> Completed
A6: U1-04 | B6: Unit 1 / Phase 1 | C6: Activity 1.2 | D6: Prepare stakeholder interview questions | E6: LE Lipali | F6: 25/08/2026 | G6: 26/08/2026 | H6: Completed | I6: 100 | J6: Stakeholder needs SN-01–SN-05 documented in SRS Section 8.2, drawn from prepared interview/engagement questions. | K6: Yes | M6: =IF(D6="","",IF(H6="Completed","Completed",IF(H6="Blocked","Blocked",IF(H6="Delayed","Delayed",IF(AND(G6<>"",G6<TODAY(),H6<>"Completed"),"Overdue","On Track"))))) -> Completed
A7: U1-05 | B7: Unit 1 / Phase 1 | C7: Activity 1.2 | D7: Conduct and document the stakeholder interview | E7: LTBG Pule | F7: 25/08/2026 | G7: 26/08/2026 | H7: Completed | I7: 100 | J7: SRS Appendix C (Stakeholder Interview Findings) and Section 8.2 (Stakeholder Needs). | K7: Yes | M7: =IF(D7="","",IF(H7="Completed","Completed",IF(H7="Blocked","Blocked",IF(H7="Delayed","Delayed",IF(AND(G7<>"",G7<TODAY(),H7<>"Completed"),"Overdue","On Track"))))) -> Completed
A8: U1-06 | B8: Unit 1 / Phase 1 | C8: Activity 1.3 | D8: Compile the initial SRS | E8: Group | F8: 25/08/2026 | G8: 26/08/2026 | H8: Completed | I8: 100 | J8: This Web Vortex WIL document — full initial SRS including scope, functional/non-functional requirements, system requirements, integration requirements and MoSCoW prioritisation. | K8: Yes | M8: =IF(D8="","",IF(H8="Completed","Completed",IF(H8="Blocked","Blocked",IF(H8="Delayed","Delayed",IF(AND(G8<>"",G8<TODAY(),H8<>"Completed"),"Overdue","On Track"))))) -> Completed
A9: U1-07 | B9: Unit 1 / Phase 1 | C9: Activity 1.3 | D9: Create the initial Microsoft Project schedule | E9: LE Letsie | H9: Completed | I9: 100 | K9: Yes | M9: =IF(D9="","",IF(H9="Completed","Completed",IF(H9="Blocked","Blocked",IF(H9="Delayed","Delayed",IF(AND(G9<>"",G9<TODAY(),H9<>"Completed"),"Overdue","On Track"))))) -> Completed
A10: U1-08 | B10: Unit 1 / Phase 1 | C10: Activity 1.3 | D10: Create and configure the GitHub repository | E10: LE Lipali | F10: 30/08/2026 | G10: 30/08/2026 | H10: Completed | I10: 100 | K10: Yes | M10: =IF(D10="","",IF(H10="Completed","Completed",IF(H10="Blocked","Blocked",IF(H10="Delayed","Delayed",IF(AND(G10<>"",G10<TODAY(),H10<>"Completed"),"Overdue","On Track"))))) -> Completed
A11: U1-09 | B11: Unit 1 / Phase 1 | C11: Activity 1.3 | D11: Create the initial Supabase project | E11: LE Lipali | F11: 30/08/2026 | G11: 30/08/2026 | H11: Completed | I11: 100 | K11: Yes | M11: =IF(D11="","",IF(H11="Completed","Completed",IF(H11="Blocked","Blocked",IF(H11="Delayed","Delayed",IF(AND(G11<>"",G11<TODAY(),H11<>"Completed"),"Overdue","On Track"))))) -> Completed
A12: U1-10 | B12: Unit 1 / Phase 1 | C12: Activity 1.3 | D12: Complete the progress report and contribution record | E12: NM Netshituka | F12: 27/08/2026 | G12: 31/08/2026 | H12: Completed | I12: 100 | J12: This progress tracker workbook, being completed from the SRS. | K12: Yes | M12: =IF(D12="","",IF(H12="Completed","Completed",IF(H12="Blocked","Blocked",IF(H12="Delayed","Delayed",IF(AND(G12<>"",G12<TODAY(),H12<>"Completed"),"Overdue","On Track"))))) -> Completed
A13: U1-11 | B13: Unit 1 / Phase 1 | C13: Activity 1.3 | D13: Complete the Unit 1 group reflection | E13: RG Madi | F13: 28/08/2026 | G13: 28/08/2026 | H13: Completed | I13: 100 | K13: Yes | M13: =IF(D13="","",IF(H13="Completed","Completed",IF(H13="Blocked","Blocked",IF(H13="Delayed","Delayed",IF(AND(G13<>"",G13<TODAY(),H13<>"Completed"),"Overdue","On Track"))))) -> Completed
A14: U2-01 | B14: Phase 2 | C14: Activity 2.1 | D14: Design the system architecture | E14: LE Lipali | F14: 22/09/2026 | G14: 22/09/2026 | H14: Completed | I14: 100 | J14: SRS Phase 2 System Design Section 2 (System Overview) and Section 8 (Original Design Source Links): System Architecture Diagram. | K14: Yes | M14: =IF(D14="","",IF(H14="Completed","Completed",IF(H14="Blocked","Blocked",IF(H14="Delayed","Delayed",IF(AND(G14<>"",G14<TODAY(),H14<>"Completed"),"Overdue","On Track"))))) -> Completed
A15: U2-02 | B15: Phase 2 | C15: Activity 2.1 | D15: Model the system use cases | E15: LTBG Pule | F15: 23/09/2026 | G15: 23/09/2026 | H15: Completed | I15: 100 | J15: SRS Phase 2 System Design Section 4 (Use Case Summary) and attached Use Case Diagram. | K15: Yes | M15: =IF(D15="","",IF(H15="Completed","Completed",IF(H15="Blocked","Blocked",IF(H15="Delayed","Delayed",IF(AND(G15<>"",G15<TODAY(),H15<>"Completed"),"Overdue","On Track"))))) -> Completed
A16: U2-03 | B16: Phase 2 | C16: Activity 2.1 | D16: Design the sequence diagrams (Flutter↔Supabase and ASP.NET↔Supabase) | E16: RG Madi | F16: 24/09/2026 | G16: 24/09/2026 | H16: Completed | I16: 100 | J16: SRS Phase 2 System Design Section 8: Sequence Diagram 1 (Flutter ↔ Supabase) and Sequence Diagram 2 (ASP.NET ↔ Supabase). | K16: Yes | M16: =IF(D16="","",IF(H16="Completed","Completed",IF(H16="Blocked","Blocked",IF(H16="Delayed","Delayed",IF(AND(G16<>"",G16<TODAY(),H16<>"Completed"),"Overdue","On Track"))))) -> Completed
A17: U2-04 | B17: Phase 2 | C17: Activity 2.2 | D17: Design the database (Entity Relationship Diagram) | E17: LE Letsie | F17: 09/09/2026 | G17: 09/09/2026 | H17: Completed | I17: 100 | J17: SRS Phase 2 System Design Section 5 (Database Entity Summary) and attached ERD. | K17: Yes | M17: =IF(D17="","",IF(H17="Completed","Completed",IF(H17="Blocked","Blocked",IF(H17="Delayed","Delayed",IF(AND(G17<>"",G17<TODAY(),H17<>"Completed"),"Overdue","On Track"))))) -> Completed
A18: U2-05 | B18: Phase 2 | C18: Activity 2.2 | D18: Design the Flutter mobile interface | E18: LE Lipali | F18: 01/09/2026 | G18: 22/09/2026 | H18: Completed | I18: 100 | J18: SRS Phase 2 System Design Section 6 (Interface Design Summary) and Section 8: Flutter Mobile Interface Design (Figma). | K18: Yes | M18: =IF(D18="","",IF(H18="Completed","Completed",IF(H18="Blocked","Blocked",IF(H18="Delayed","Delayed",IF(AND(G18<>"",G18<TODAY(),H18<>"Completed"),"Overdue","On Track"))))) -> Completed
A19: U2-06 | B19: Phase 2 | C19: Activity 2.2 | D19: Design the ASP.NET web interface | E19: LE Lipali | F19: 01/09/2026 | G19: 22/09/2026 | H19: Completed | I19: 100 | J19: SRS Phase 2 System Design Section 6 (Interface Design Summary) and Section 8: ASP.NET Web Interface Design (Figma). | K19: Yes | M19: =IF(D19="","",IF(H19="Completed","Completed",IF(H19="Blocked","Blocked",IF(H19="Delayed","Delayed",IF(AND(G19<>"",G19<TODAY(),H19<>"Completed"),"Overdue","On Track"))))) -> Completed
A20: U2-07 | B20: Phase 2 | C20: Activity 2.3 | D20: Compile the Design Alignment Table and Phase 2 System Design document | E20: NM Netshituka | F20: 20/09/2026 | G20: 24/09/2026 | H20: Completed | I20: 100 | J20: SRS Phase 2 System Design Section 7 (Design Alignment Table), linking requirements, use cases, ERD entities and interfaces. | K20: Yes | M20: =IF(D20="","",IF(H20="Completed","Completed",IF(H20="Blocked","Blocked",IF(H20="Delayed","Delayed",IF(AND(G20<>"",G20<TODAY(),H20<>"Completed"),"Overdue","On Track"))))) -> Completed
A21: U2-08 | B21: Phase 2 | C21: Activity 2.3 | D21: Obtain stakeholder review and sign-off of the Phase 2 design | E21: NM Netshituka | F21: 23/09/2026 | G21: 23/09/2026 | H21: Completed | I21: 100 | J21: SRS Phase 2 System Design Section 8 / Stakeholder Review & Approval: signed by Motlokoa Tsotesi and group members on 25/09/2026. | K21: Yes | M21: =IF(D21="","",IF(H21="Completed","Completed",IF(H21="Blocked","Blocked",IF(H21="Delayed","Delayed",IF(AND(G21<>"",G21<TODAY(),H21<>"Completed"),"Overdue","On Track"))))) -> Completed
A22: U2-09 | B22: Phase 2 | C22: Activity 2.3 | D22: Update the GitHub repository with Phase 2 design artefacts | E22: RG Madi | F22: 23/09/2026 | G22: 23/09/2026 | H22: Completed | I22: 100 | J22: SRS page 28: GitHub repository listed with “Phase 2 updates.” | K22: Yes | M22: =IF(D22="","",IF(H22="Completed","Completed",IF(H22="Blocked","Blocked",IF(H22="Delayed","Delayed",IF(AND(G22<>"",G22<TODAY(),H22<>"Completed"),"Overdue","On Track"))))) -> Completed
A23: U2-10 | B23: Phase 2 | C23: Activity 2.3 | D23: Complete the progress report and contribution record for Phase 2 | E23: LE Letsie | F23: 25/09/2026 | G23: 25/09/2026 | H23: Completed | I23: 100 | J23: Updated progress tracker for Phase 2, based on the completed Phase 2 System Design and stakeholder approval. | K23: Yes | M23: =IF(D23="","",IF(H23="Completed","Completed",IF(H23="Blocked","Blocked",IF(H23="Delayed","Delayed",IF(AND(G23<>"",G23<TODAY(),H23<>"Completed"),"Overdue","On Track"))))) -> Completed
A24: P3-01 | B24: Phase 3 | C24: Activity 3.1 | D24: Set up the Supabase backend: create the tables, fields, keys and relationships from the approved ERD (MS Project: Backend Setup (Supabase) & ASP.NET Web App Development). | E24: LE Lipali | F24: 20/10/2026 | G24: 20/10/2026 | H24: Completed | I24: 100 | J24: SRS – Phase 3 evidence section: Supabase backend setup (tables, fields, keys and relationships); include matching implementation screenshots/commit reference. | K24: Yes | M24: =IF(D24="","",IF(H24="Completed","Completed",IF(H24="Blocked","Blocked",IF(H24="Delayed","Delayed",IF(AND(G24<>"",G24<TODAY(),H24<>"Completed"),"Overdue","On Track"))))) -> Completed
A25: P3-02 | B25: Phase 3 | C25: Activity 3.1 | D25: Develop the ASP.NET web application pages and functions and connect them to Supabase (MS Project: Backend Setup (Supabase) & ASP.NET Web App Development). | E25: RG Madi | F25: 12/10/2026 | G25: 13/10/2026 | H25: Completed | I25: 100 | J25: SRS – Phase 3 evidence section: ASP.NET web pages/functions connected to Supabase; include matching screenshots/commit reference. | K25: Yes | M25: =IF(D25="","",IF(H25="Completed","Completed",IF(H25="Blocked","Blocked",IF(H25="Delayed","Delayed",IF(AND(G25<>"",G25<TODAY(),H25<>"Completed"),"Overdue","On Track"))))) -> Completed
... A36: P3-13 | B36: Phase 3 | C36: Activity 3.3 | D36: Complete the Phase 3 progress report, contribution record and group reflection. | E36: LE Letsie | F36: 14/10/2026 | G36: 22/10/2026 | H36: Completed | I36: 100 | J36: SRS – Phase 3 evidence section: completed Phase 3 progress report, contribution record and group reflection. | K36: Yes | M36: =IF(D36="","",IF(H36="Completed","Completed",IF(H36="Blocked","Blocked",IF(H36="Delayed","Delayed",IF(AND(G36<>"",G36<TODAY(),H36<>"Completed"),"Overdue","On Track"))))) -> Completed

Sheet Individual Contributions
A1: Individual Contribution Record
A2: Student Name | B2: Student Number | C2: Reporting Phase | D2: Activity | E2: Assigned Responsibility | F2: Work Personally Completed | G2: Date Completed | H2: Hours Spent | I2: Evidence / Link | J2: Verified by Group | K2: Verification Date | L2: Notes
A3: LE Letsie | B3: 224099468 | C3: Unit 1 / Phase 1 | D3: System architecture design: helped define the Flutter + ASP.NET + Supabase component structure • Requirements/design alignment: linked system requirements to the proposed system components • Stakeholder review preparation and Phase 2 design validation | E3: Coordinate stakeholder engagement | F3: Confirmed stakeholder and agreement | G3: 21/08/2026 | H3: 3 | I3: Stakeholder agreement | J3: YES | K3: 26/08/2026
A4: LE Lipali | B4: 215135458 | C4: Unit 1 / Phase 1 | D4: Use case design: helped document actors, use cases and role-based workflows • ASP.NET/web workflow design: contributed to receptionist, mechanic and management functions • Stakeholder review preparation and Phase 2 design validation | E4: Prepare questions | F4: Created interview questions | G4: 21/08/2026 | H4: 3 | I4: Interview notes | J4: YES | K4: 26/08/2026
A5: LTBG Pule | B5: 219002738 | C5: Unit 1 / Phase 1 | D5: ERD/database design: contributed to entities, relationships and shared Supabase data structure • Data/workflow alignment: linked database entities to workshop processes and use cases • Stakeholder review preparation and Phase 2 design validation | E5: Collect requirements | F5: Captured stakeholder needs | G5: 24/08/2026 | H5: 3 | I5: Stakeholder discussion | J5: YES | K5: 26/08/2026
A6: NM Netshituka | B6: 223013773 | C6: Unit 1 / Phase 1 | D6: Sequence/process design: contributed to interaction flows between Flutter, ASP.NET and Supabase • Integration design: considered API/data flow and real-time communication between system components • Stakeholder review preparation and Phase 2 design validation | E6: Define objectives and scope | F6: Prepared aims and objectives | G6: 25/08/2026 | H6: 3 | I6: Project document | J6: YES | K6: 26/08/2026
A7: RG Madi | B7: 222066543 | C7: Unit 1 / Phase 1 | D7: Interface design: contributed to Flutter mobile and ASP.NET desktop screen planning • UI/use-case alignment: linked screens to customer, receptionist, mechanic and administrator functions • Stakeholder review preparation and Phase 2 design validation | E7: Document current process/problem | F7: Compiled problem statement | G7: 26/08/2026 | H7: 3 | I7: WIL document | J7: YES | K7: 26/08/2026
A8: LE Letsie | B8: 224099468 | C8: Phase 2 | D8: System architecture design: helped define the Flutter + ASP.NET + Supabase component structure • Requirements/design alignment: linked system requirements to the proposed system components • Stakeholder review preparation and Phase 2 design validation | E8: Design and review the system architecture | F8: Reviewed the completed system architecture diagram and confirmed it matches the requirements | G8: 22/09/2026 | I8: SRS Phase 2 – System Architecture section | J8: YES | K8: 25/09/2026 | L8: SRS confirms the member signed the Phase 2 design approval. Individual hours for Phase 2 are not stated in the SRS; enter actual hours if available.
A9: LE Lipali | B9: 215135458 | C9: Phase 2 | D9: Use case design: helped document actors, use cases and role-based workflows • ASP.NET/web workflow design: contributed to receptionist, mechanic and management functions • Stakeholder review preparation and Phase 2 design validation | E9: Design and review use cases | F9: Reviewed the use case diagram and descriptions against stakeholder needs | G9: 23/09/2026 | I9: SRS Phase 2 – Use Case section | J9: YES | K9: 25/09/2026 | L9: SRS confirms the member signed the Phase 2 design approval. Individual hours for Phase 2 are not stated in the SRS; enter actual hours if available.
A10: LTBG Pule | B10: 219002738 | C10: Phase 2 | D10: ERD/database design: contributed to entities, relationships and shared Supabase data structure • Data/workflow alignment: linked database entities to workshop processes and use cases • Stakeholder review preparation and Phase 2 design validation | E10: Design and review the database/ERD | F10: Reviewed the ERD for correct entities, relationships and keys | G10: 09/09/2026 | I10: SRS Phase 2 – ERD/Database section | J10: YES | K10: 25/09/2026 | L10: SRS confirms the member signed the Phase 2 design approval. Individual hours for Phase 2 are not stated in the SRS; enter actual hours if available.
A11: NM Netshituka | B11: 223013773 | C11: Phase 2 | D11: Sequence/process design: contributed to interaction flows between Flutter, ASP.NET and Supabase • Integration design: considered API/data flow and real-time communication between system components • Stakeholder review preparation and Phase 2 design validation | E11: Design and review sequence/process flows | F11: Reviewed the sequence diagrams to confirm they follow the correct process flow | G11: 24/09/2026 | I11: SRS Phase 2 – Sequence/Process section | J11: YES | K11: 25/09/2026 | L11: SRS confirms the member signed the Phase 2 design approval. Individual hours for Phase 2 are not stated in the SRS; enter actual hours if available.
A12: RG Madi | B12: 222066543 | C12: Phase 2 | D12: Interface design: contributed to Flutter mobile and ASP.NET desktop screen planning • UI/use-case alignment: linked screens to customer, receptionist, mechanic and administrator functions • Stakeholder review preparation and Phase 2 design validation | E12: Design and review the interface | F12: Reviewed the interface designs/wireframes for usability and consistency with requirements | G12: 24/09/2026 | I12: SRS Phase 2 – Interface Design section | J12: YES | K12: 25/09/2026 | L12: SRS confirms the member signed the Phase 2 design approval. Individual hours for Phase 2 are not stated in the SRS; enter actual hours if available.
A13: LTBG Pule | B13: 224099468 | C13: Phase 3 | D13: Phase 3 – Development and integration: Flutter–Supabase connection; integration test coordination | E13: Connect the Flutter app to Supabase; coordinate integration test cases | F13: In progress: connecting the Flutter app to the shared Supabase project (P3-04, 14–20/10/2026). Scheduled: coordinating integration test cases and verifying two shared processes (P3-06, 21–26/10/2026). | G13: 20/10/2026 | H13: 8 | I13: SRS – Phase 3 evidence section: Flutter–Supabase connection and integration-test evidence. Use the corresponding implementation screenshots/commit references recorded in the SRS. | J13: Yes | K13: 21/10/2026 | L13: Phase 3 work completed and verified by the group (all Phase 3 tasks are 100% in Task Progress). Hours entered are estimates; replace with actual hours before final submission.
A14: LE Lipali | B14: 215135458 | C14: Phase 3 | D14: Phase 3 – Development and testing: ASP.NET web app; web sign-in and access; corrections | E14: Develop the ASP.NET web application; sign-in and role-based access; correct logged problems | F14: Completed: ASP.NET web application pages connected to Supabase (P3-02). Scheduled: sign-in screens and role-based access (P3-08, 27–29/10/2026); correcting logged problems and re-testing (P3-10, 04–05/11/2026). | G14: 13/10/2026 | H14: 10 | I14: SRS – Phase 3 evidence section: ASP.NET web application, sign-in/access-control and correction evidence; supporting screenshots/commit references should match the SRS. | J14: Yes | K14: 21/10/2026 | L14: Phase 3 work completed and verified by the group (all Phase 3 tasks are 100% in Task Progress). Web sign-in, role-based access and the Register security fix were closed (Challenges & Actions). Hours entered are estimates; replace with actual hours before final submission.
A15: LTBG Pule | B15: 219002738 | C15: Phase 3 | D15: Phase 3 – Development: Supabase backend; authentication and user access control | E15: Set up the Supabase backend; implement authentication and access control | F15: Completed: Supabase tables, fields, keys and relationships built from the approved ERD (P3-01). Scheduled: authentication, roles and access permissions in Supabase (P3-07, 27–29/10/2026). | G15: 13/10/2026 | H15: 10 | I15: SRS – Phase 3 evidence section: Supabase tables/fields/keys/relationships and authentication/access-permission evidence; use the corresponding SRS screenshots or implementation references. | J15: Yes | K15: 21/10/2026 | L15: Phase 3 work completed and verified by the group (all Phase 3 tasks are 100% in Task Progress). Added the customer profile edit page in the Flutter app (Challenges & Actions). Hours entered are estimates; replace with actual hours before final submission.
A16: NM Netshituka | B16: 223013773 | C16: Phase 3 | D16: Phase 3 – Integration, evaluation and reporting: integration testing; stakeholder evaluation; progress report | E16: Run integration testing; present the prototype to the stakeholder; complete the Phase 3 report | F16: Scheduled: integration testing of the shared Supabase connection (P3-05, 21–26/10/2026); stakeholder prototype evaluation and feedback (P3-11, 05/11/2026); Phase 3 progress report, contribution record and reflection (P3-13, 06/11/2026). | G16: 21/10/2026 | H16: 4 | I16: SRS – Phase 3 evidence section: shared-backend integration test results, stakeholder prototype evaluation/feedback and Phase 3 reporting evidence. | J16: Yes | K16: 21/10/2026 | L16: Phase 3 work completed and verified by the group, including the stakeholder prototype demonstration on 21/10/2026 (all Phase 3 tasks are 100% in Task Progress). Hours entered are estimates; replace with actual hours before final submission.
A17: RG Madi | B17: 222066543 | C17: Phase 3 | D17: Phase 3 – Development, testing and source control: Flutter mobile app; manual testing; GitHub | E17: Develop the Flutter mobile screens; test both applications; update GitHub | F17: In progress: Flutter mobile screens and functions (P3-03, 14–20/10/2026). Scheduled: manual testing and problem logging (P3-09, 04–05/11/2026); GitHub update with current source code (P3-12, 06/11/2026). | G17: 20/10/2026 | H17: 8 | I17: SRS – Phase 3 evidence section: Flutter screens/functions, manual-test results/problem log and current source-code evidence; use the matching screenshots/commit references. | J17: Yes | K17: 21/10/2026 | L17: Phase 3 work completed and verified by the group (all Phase 3 tasks are 100% in Task Progress). Completed the Appointments and Job Card views logged in Challenges & Actions. Hours entered are estimates; replace with actual hours before final submission.
A18: NM Netshituka | B18: 223013773 | C18: Phase 3 | D18: SRS documentation | E18: Complete the SRS | F18: Completed the SRS. | I18: SRS document | L18: NM Netshituka did the SRS. Work completed; group verification, hours and completion date still to be entered.
A19: LE Letsie | B19: 224099468 | C19: Phase 3 | D19: SRS, Microsoft Project schedule and project progress tracker | E19: Complete the SRS, the Microsoft Project schedule and the project progress tracker | F19: Completed the SRS, the Microsoft Project schedule and the project progress tracker. | I19: SRS document; Microsoft Project schedule; this progress tracker workbook | L19: LE Letsie did the SRS, the Microsoft Project schedule and the project progress tracker. Work completed; group verification, hours and completion date still to be entered.

Sheet Stakeholder Engagement
A1: Stakeholder Engagement Record
A2: Date | B2: Reporting Phase | C2: Type of Engagement | D2: Purpose | E2: Students Present | F2: Stakeholder Present / Role | G2: Main Findings | H2: Action Required | I2: Evidence / Link
A3: 25/08/2026 | B3: Unit 1 / Phase 1 | C3: Meeting | D3: Confirm stakeholder cooperation and sign the Stakeholder Cooperation & Information Use Agreement | E3: LE Letsie, LE Lipali, LTBG Pule, NM Netshituka, RG Madi | F3: Motlokoa Tsoetsi (Managing Director) | G3: Stakeholder confirmed willingness to participate; agreed information-sharing terms and the prototype to be provided in return. | H3: File signed agreement; proceed with requirements interviews. | I3: Signed Stakeholder Cooperation & Information Use Agreement (SRS Appendix B).
A4: 25/08/2026 | B4: Unit 1 / Phase 1 | C4: Meeting | D4: Gather requirements and understand the current manual, paper-based workshop process | E4: LE Letsie, LE Lipali, LTBG Pule, NM Netshituka, RG Madi | F4: Motlokoa Tsoetsi (Managing Director) | G4: Identified stakeholder needs SN-01 to SN-05: remote progress tracking, fixed/transparent pricing, customer-supplied vs shop-supplied part cost breakdown, need for stronger digital presence, and centralised repair history. | H4: Incorporate findings into the SRS problem statement, scope and requirements. | I4: SRS Appendix C (Stakeholder Interview Findings), Section 8.2, Appendix D (Current Process Evidence).
A5: 25/08/2026 | B5: Unit 1 / Phase 1 | C5: Meeting | D5: All group members | E5: Motlokoa Tsoetsi - Managing Director | F5: Discussed current process, pricing issues, repair tracking and online presence needs | G5: Draft SRS and validate requirements | H5: Signed agreement and notes
A6: 25/09/2026 | B6: Phase 2 | C6: Meeting | D6: Review and approve the Phase 2 system design (architecture, UML, ERD and interface designs) | E6: LE Letsie, LE Lipali, LTBG Pule, NM Netshituka, RG Madi | F6: Motlokoa Tsotesi (Owner, Mr Auto & Turbo) | G6: Stakeholder reviewed the System Architecture Diagram, Use Case Diagram, Sequence Diagrams, ERD, Flutter Mobile Interface Design and ASP.NET Web Interface Design; confirmed the design reflects the business needs and workflow discussed, and approved the group to proceed to the next phase of development. | H6: File the signed Stakeholder Review & Approval — Phase 2 System Design page; proceed to Phase 3 development. | I6: Stakeholder Review & Approval — Phase 2 System Design (signed page, Web Vortex WIL document, 25/09/2026).
A7: 21/10/2026 | B7: Phase 3 | C7: Meeting | D7: Prototype demonstration: present the working Flutter mobile and ASP.NET web prototype (both on the same Supabase backend) to the stakeholder and gather feedback (MS Project: Stakeholder Prototype Evaluation & Feedback). | E7: LE Letsie, LE Lipali, LTBG Pule, NM Netshituka, RG Madi | F7: Motlokoa Tsotesi (Owner, Mister Auto & Turbo) | G7: The group demonstrated the whole system to the stakeholder, including the Flutter mobile app, the ASP.NET web app, the shared Supabase data, user accounts and role access, appointments and job cards. The stakeholder reviewed the working prototype against the business needs and workflow agreed in Phase 1 and Phase 2 and gave feedback on what was shown. | H7: Log the stakeholder's feedback and any corrections as tasks, finish the outstanding Appointments and Job Card views and the account security fix, complete integration testing, and update the SRS where changes are approved. | I7: Meeting notes and screenshots of the demonstrated prototype; signed stakeholder feedback / approval page to be attached to the GitHub repository.

Sheet Challenges & Actions
A1: Challenges and Corrective Actions
A2: Date Identified | B2: Reporting Phase | C2: Challenge | D2: Effect on Progress | E2: Corrective Action | F2: Responsible Student | G2: Target Date | H2: Status
A3: 25/08/2026 | B3: Unit 1 / Phase 1 | C3: Group members' current skill level in Flutter, ASP.NET and Supabase (documented constraint). | D3: Risk of slower development once the project moves into design and build phases. | E3: Self-study and small practice builds in each technology alongside requirements work. | F3: LE Letsie | G3: 26/08/2026 | H3: Resolved
A4: 25/08/2026 | B4: Unit 1 / Phase 1 | C4: Stakeholder's business is entirely paper-based with no existing digital or online records. | D4: Made it harder to gather structured requirements and cost/pricing data quickly. | E4: Relied on direct interviews, observation of the manual process and written confirmation (WhatsApp/meeting notes) per the Cooperation Agreement. | F4: LE Lipali | G4: 26/08/2026 | H4: Resolved
A5: 25/08/2026 | B5: Unit 1 / Phase 1 | C5: Limited time with stakeholder | D5: Delayed requirements clarification | E5: Schedule follow-up session and consolidate questions | F5: LTBG Pule | G5: 26/08/2026 | H5: Resolved
A6: 20/09/2026 | B6: Phase 2 | C6: Keeping the architecture, use case, sequence, ERD and interface artefacts (built across LucidChart, Draw.io and Figma) consistent with one another. | D6: Risk of the design documents contradicting each other and failing the rubric's consistency requirement. | E6: Built a Design Alignment Table cross-referencing each requirement to its use case, ERD entity and interface, and reviewed it with the stakeholder before sign-off. | F6: Group | G6: 24/09/2026 | H6: Resolved
A7: 22/09/2026 | B7: Phase 2 | C7: Designing a Flutter mobile interface and an ASP.NET web interface for different users while keeping both on the one shared ERD and the same use cases. | D7: Risk of the two interface designs needing different data, which would force ERD changes late in Phase 2 and delay the stakeholder approval on 25/09/2026. | E7: Mapped every screen in both interfaces to the use cases and ERD entities, agreed one set of field names in the group, and corrected the designs before presenting them for stakeholder approval. | F7: Group | G7: 25/09/2026 | H7: Resolved
A8: 12/10/2026 | B8: Phase 3 | C8: The flutter application did not have a screen where the customer can edit their profile to update their number and address. | D8: It creates a user whose details were given default values that could omly be changed by the receptionist. | E8: We implemented a profile edit page that also includes the missing functionality | F8: LTBG Pule | G8: 22/10/2026 | H8: Resolved
A9: 14/10/2026 | B9: Phase 3 | C9: Security flaw in AccountController: anyone can open /Account/Register without signing in and choose the Manager role, so anyone can create a full-access account. | D9: Unauthorised users could gain full access to customer, vehicle and job data. The web app cannot be demonstrated or released safely until this is closed, and it puts the stakeholder evaluation on 05/11/2026 at risk. | E9: Remove the public Register page and its Register actions, since Users can now add accounts from inside the system. Allow only signed-in Managers to create accounts and assign roles, then re-test sign-in and role access in the integration tests. | F9: LE Lipali | G9: 22/10/2026 | H9: Resolved
A10: 16/10/2026 | B10: Phase 3 | C10: Appointments: the controller is delivered, but the new Index, Create (with customer and vehicle dropdowns), Edit and Details views are not yet written. | D10: Appointment booking still runs on the old views, which work but are slower and error-prone because IDs must be typed. | E10: Write the four views against the delivered controller, add customer and vehicle dropdowns to Create and Edit, then test booking, editing and viewing end to end and record screenshots as evidence. | F10: RG Madi | G10: 22/10/2026 | H10: Resolved
A11: 16/10/2026 | B11: Phase 3 | C11: Job cards: the controller saves correctly, but the updated views are not written. The vehicle ID still has to be typed in by hand. | D11: Job card entry works but invites wrong or missing vehicle IDs, which can break the link to the Supabase vehicle records. The feature is not yet at the Must-have quality needed for the stakeholder evaluation. | E11: Write the updated Job Card views with a vehicle dropdown in place of the typed ID, test saving against the controller, and confirm the saved data matches the shared Supabase tables. | F11: RG Madi | G11: 22/10/2026 | H11: Resolved
A12: 24/10/2026 | B12: Phase 3 | C12: Uneven distribution of documentation work: LE Letsie completed the SRS, the Microsoft Project schedule and the project progress tracker. | D12: Planning and documentation work was concentrated on one member, which risks delays and a single point of failure for these deliverables. | E12: Share documentation and reporting tasks more evenly in the next phase, and have other members review the SRS, Microsoft Project schedule and tracker entries. | F12: LE Letsie | G12: 06/11/2026 | H12: In Progress

Sheet Phase Summary
A1: Contribution allocation note
A2: Phase 3 tasks are allocated to members from the Microsoft Project Phase 3 schedule (Microsoft Project lists roles, not named students) and recorded in the Task Progress and Individual Contributions sheets. Status, hours and evidence must be confirmed by the group before entries are marked as verified.
A3: Summary Information | B3: Group Response | D3: Phase Completion Checklist
A4: Reporting phase | B4: Phase 3 | D4: Initial or updated SRS completed | E4: Yes
A5: Reporting period | B5: 12/10/2026 - 06/11/2026 | D5: Progress report updated | E5: Yes
A6: Overall phase status | B6: Completed | D6: Individual contributions recorded | E6: Yes
A7: What was completed during this phase? | B7: All 13 Phase 3 tasks (P3-01 to P3-13) are recorded as 100% complete and verified by the group. The Supabase backend was built from the approved ERD, the ASP.NET web app and the Flutter mobile app were connected to the same Supabase project, and sign-in with role-based access was added. Integration testing of two shared processes and manual testing of both apps were done, logged problems were corrected and re-tested, and the GitHub repository was updated. The working prototype was demonstrated to the stakeholder on 21/10/2026. | D7: Stakeholder engagement recorded | E7: Yes
A8: What remains incomplete? | B8: No Phase 3 tasks are outstanding. Remaining admin: enter actual hours and completion dates for the SRS and documentation entries, and update the SRS with any stakeholder-approved changes. | D8: Challenges and actions updated | E8: Yes
A9: Why is it incomplete? | B9: These items are record-keeping only. Hours were estimated during the phase and were not logged straight after each task. | D9: Group reflection completed | E9: Yes
A10: Which contributions were particularly important? | B10: The shared Supabase backend and the integration testing, because both applications had to read and write the same data. The security fix that closed public registration and the completed Appointments and Job Card views were also important for the stakeholder demonstration. LE Letsie completed the SRS, Microsoft Project schedule and progress tracker, and NM Netshituka completed the SRS. | D10: Microsoft Project updated | E10: Yes
A11: Were there participation concerns? | B11: No one failed to contribute and every member has verified Phase 3 tasks. One concern is logged in Challenges & Actions: the SRS, Microsoft Project schedule and progress tracker were all completed by LE Letsie, so documentation was uneven. The group will share these tasks more evenly in the final phase. | D11: GitHub evidence available | E11: Yes
A12: What will the group improve in the next phase? | B12: Log hours and evidence straight after each task, share documentation and reporting tasks more evenly, and keep GitHub, Microsoft Project and the tracker aligned with named members on every task. | D12: Confidential peer check completed | E12: Yes
A13: Main priority for the next phase | B13: Update the SRS with approved changes, confirm hours and evidence for all members, and prepare the final demonstration and final reflection.

Sheet Group Reflection
A1: Group Reflection
A3: Reflection Information | B3: Group Response | D3: Reflection Guidance
A4: Reporting phase | B4: Phase 3 | D4: Length | E4: Approximately 400–600 words in total.
A5: Project title | B5: Vehicle Service Management System (VSMS) for Mister Auto & Turbo | D5: Focus | E5: Discuss the group’s actual experience, not the activity instructions.
A6: Most important learning from this phase | B6: Two applications can share one Supabase backend only when the tables, fields and keys follow the approved ERD exactly. Agreeing field names in the group before building avoided most integration problems. We also learned that every feature needs its view, controller and database table checked together, because a controller that saves correctly is not a finished feature. | D6: Honesty | E6: Identifying a genuine challenge will not disadvantage the group when an improvement action is provided.
A7: What went well and why? | B7: The approved Phase 2 design gave us a clear starting point, so we moved straight into building the Supabase backend and the ASP.NET pages. Splitting work around the Microsoft Project tasks gave each member clear responsibilities, and all 13 Phase 3 tasks were completed and verified. The stakeholder demonstration on 21/10/2026 showed the Flutter app, the web app, user accounts, role access, appointments and job cards working on the same data. | D7: Evidence | E7: Ensure that claims about participation agree with the contribution record, Microsoft Project and GitHub.
A8: What was difficult and why? | B8: The schedule gave very little time for each build task, and we are still building skill in Flutter, ASP.NET and Supabase. We found a security flaw that let anyone register as a Manager, a missing profile edit page in the Flutter app, and Appointments and Job Card views that still used typed IDs. All were fixed, but they took time close to the demonstration. Keeping both apps on the same data structure was also hard. | D8: Research use | E8: Student work may only be used for research after the required ethical approval and consent processes.
A9: How were tasks divided among members? | B9: Tasks followed the Microsoft Project Phase 3 plan: backend and authentication, the ASP.NET web app, the Flutter mobile app, integration and testing, and stakeholder evaluation and reporting. Every member had two or three tasks. LE Letsie also completed the SRS, the Microsoft Project schedule and the progress tracker, and NM Netshituka completed the SRS.
A10: Did all members contribute fairly? Explain. | B10: Yes, every member has verified Phase 3 tasks and no one failed to contribute. Documentation was uneven: LE Letsie completed the SRS, Microsoft Project schedule and progress tracker, which we recorded as a challenge. Hours in the contribution record are estimates and need replacing with actual hours.
A11: How did the group handle disagreements or delays? | B11: We held short check-ins, agreed schema changes in the group before making them, and logged each problem with an owner and target date in Challenges & Actions. When the demonstration was close we fixed the security flaw and unfinished views first, and all were resolved by 22/10/2026.
A12: What did the group learn from the stakeholder? | B12: The stakeholder saw the whole prototype on 21/10/2026 and reviewed it against the needs agreed in Phase 1 and Phase 2. He asked us to finish the Appointments and Job Card views and fix the account security issue, which we did. We learned that showing working software finds problems that design documents do not.
A13: Improvement action 1 for the next phase | B13: Log hours and evidence for every member straight after each task is completed.
A14: Improvement action 2 for the next phase | B14: Share documentation and reporting tasks more evenly, and keep GitHub, Microsoft Project and the tracker aligned with named members on every task.
A15: Priority for the next phase | B15: Update the SRS with approved changes and prepare the final demonstration and final reflection.
